a,une
abandon,abandonner
abandoned,abandonné
ability,aptitude
able,capable
about,à propos
above,au dessus
abroad,à l'étranger
absence,absence
absent,absent
absolute,absolu
absolutely,absolument
absorb,absorber
abuse,abuser de
academic,académique
accent,accent
accept,J'accepte
acceptable,acceptable
access,accès
accident,accident
accidental,accidentel
accidentally,accidentellement
accommodation,hébergement
accompany,accompagner
according to,selon
account,Compte
account for,compte pour
accurate,précis
accurately,avec précision
accuse,accuser
achieve,atteindre
achievement,réussite
acid,acide
acknowledge,reconnaître
a couple,un couple
acquire,acquérir
across,à travers
act,acte
action,action
active,actif
actively,activement
activity,activité
actor,acteur
actress,actrice
actual,réel
actually,réellement
ad,un d
adapt,adapter
add,ajouter
addition,une addition
additional,Additionnel
add on,Ajouter
address,adresse
add up,additionner
add up to,ajouter à
adequate,adéquat
adequately,de manière adéquate
adjust,régler
admiration,admiration
admire,admirer
admit,admettre
adopt,adopter
adult,adulte
advance,avance
advanced,Avancée
advantage,avantage
adventure,aventure
advert,publicité
advertise,afficher
advertisement,publicité
advertising,La publicité
advice,Conseil
advise,conseiller
affair,affaire
affect,affecter
affection,affection
afford,offrir
afraid,peur
after,après
afternoon,après midi
afterwards,ensuite
again,encore
against,contre
age,âge
aged,vieilli
agency,agence
agent,agent
aggressive,agressif
ago,depuis
agree,se mettre d'accord
agreement,accord
ahead,devant
aid,aide
aim,objectif
air,air
aircraft,avion
airport,aéroport
alarm,alarme
alarmed,alarmée
alarming,alarmant
alcohol,de l'alcool
alcoholic,alcoolique
alive,vivant
all,tout
allied,allié
allow,Autoriser
allow for,autoriser pour
all right,d'accord
ally,allié
almost,presque
alone,seul
along,le long de
alongside,aux côtés de
aloud,à haute voix
alphabet,alphabet
alphabetical,alphabétique
alphabetically,alphabétiquement
already,déjà
also,aussi
alter,modifier
alternative,alternative
alternatively,sinon
although,bien que
altogether,tout à fait
always,toujours
a.m.,un m.
amaze,étonner
amazed,étonné
amazing,incroyable
ambition,ambition
ambulance,ambulance
among,parmi
amount,montant
amount to,s'élever à
amuse,amuser
amused,amusé
amusing,amusant
analyse,analyser
analysis,une analyse
ancient,ancien
and,et
anger,colère
angle,angle
angrily,avec colère
angry,en colère
animal,animal
ankle,cheville
anniversary,anniversaire
announce,annoncer
annoy,ennuyer
annoyed,agacé
annoying,énervant
annual,annuel
annually,annuellement
another,un autre
answer,répondre
anti\\-,anti\\-
anticipate,anticiper
anxiety,anxiété
anxious,anxieux
anxiously,anxieusement
any,tout
anybody,n'importe qui
anyone,n'importe qui
anything,n'importe quoi
anyway,en tous cas
anywhere,nulle part
apart,une part
apart from,Excepté
apartment,appartement
apologize,s'excuser
apparent,apparent
apparently,Apparemment
appeal,charme
appear,apparaître
appearance,apparence
apple,Pomme
application,application
apply,appliquer
appoint,nommer
appointment,rendez\\-vous
appreciate,apprécier
approach,approche
appropriate,approprié
approval,approbation
approve,approuver
approving,approuvant
approximate,approximatif
approximately,approximativement
April,avril
area,zone
argue,se disputer
argument,argument
arise,survenir
arm,bras
armed,armé
arms,bras
army,armée
around,autour
arrange,organiser
arrangement,arrangement
arrest,arrêter
arrival,arrivée
arrive,arrivée
arrive at,arriver à
arrow,La Flèche
art,art
article,article
artificial,artificiel
artificially,artificiellement
artist,artiste
artistic,artistique
artistically,artistique
as,comme
ashamed,honteux
aside,de côté
aside from,à part
ask,demander
asleep,endormi
aspect,aspect
assist,aider
assistance,assistance
assistant,assistant
associate,associer
associated,associé
association,association
assume,présumer
assure,assurer
at,à
atmosphere,atmosphère
atom,atome
attach,attacher
attached,attaché
attack,attaque
attempt,tentative
attempted,tentative
attend,assister
attend to,Occupez\\-vous
attention,attention
attitude,attitude
attorney,avocat
attract,attirer
attraction,attraction
attractive,attrayant
audience,public
August,août
aunt,tante
author,auteur
authority,autorité
automatic,automatique
automatically,automatiquement
autumn,l'automne
available,disponible
average,moyenne
avoid,éviter
awake,éveillé
award,prix
aware,conscient
away,une façon
awful,terrible
awfully,terriblement
awkward,gênant
awkwardly,maladroitement
baby,bébé
back,arrière
background,Contexte
back up,sauvegarder
backward,rétrograde
backwards,en arrière
bacteria,bactéries
bad,mauvais
badly,mal
bad\\-tempered,mauvaise humeur
bag,sac
baggage,bagages
bake,cuire
balance,équilibre
ball,Balle
ban,interdire
band,bande
bandage,bandage
bank,banque
bar,bar
bargain,bonne affaire
barrier,barrière
base,base
based,basé
base on,baser sur
basic,de base
basically,fondamentalement
basis,base
bath,une baignoire
bathroom,salle de bains
battery,batterie
battle,bataille
bay,baie
be,être
beach,plage
beak,le bec
bear,ours
beard,barbe
beat,battre
beat up,tabasser
beautiful,belle
beautifully,magnifiquement
beauty,beauté
because,car
because of,en raison de
become,devenir
bed,lit
bedroom,chambre
beef,du boeuf
beer,Bière
before,avant
begin,commencer
beginning,début
behalf,nom
behave,se comporter
behaviour,comportement
behind,derrière
be left over,être laissé de côté
belief,croyance
believe,croyez
believe in,croire en
bell,cloche
belong,appartenir
belong to,appartenir à
below,au dessous de
belt,ceinture
bend,pliez
beneath,sous
benefit,avantage
bent,courbé
beside,à côté de
best,meilleur
bet,pari
better,mieux
betting,pari
between,entre
beyond,au\\-delà
bicycle,vélo
bid 1,1 offre
big,gros
bike,bicyclette
bill,facture
billion,milliard
bin,poubelle
biology,la biologie
bird,oiseau
birth,naissance
birthday,anniversaire
biscuit,biscuit
bit,bit
bite,mordre
bitter,amer
bitterly,amèrement
black,noir
blade,lame
blame,faire des reproches
blank,Vide
blind,aveugle
block,bloquer
blonde,blond
blood,du sang
blow,coup
blow out,éteindre
blow up,exploser
blue,bleu
board,planche
boat,bateau
body,corps
boil,ébullition
bomb,bombe
bone,OS
book,livre
boot,démarrage
border,frontière
bore,ennuyer
bored,ennuyé
boring,ennuyeuse
born,née
borrow,emprunter
boss,patron
both,tous les deux
bother,déranger
bottle,bouteille
bottom,bas
bound,lié
bowl,bol
box,boîte
boy,garçon
boyfriend,petit ami
brain,cerveau
branch,branche
brand,marque
brave,courageux
bread,pain
break,Pause
break down,panne
breakfast,petit déjeuner
break in,roder
break into,pénétrer dans
break off,rompre
break out,éclater
break up,rompre
breast,Sein
breath,souffle
breathe,respirer
breathe in,Inspirer
breathe out,expirer
breathing,respiration
breed,race
brick,brique
bridge,pont
brief,bref
briefly,brièvement
bright,brillant
brightly,brillamment
brilliant,brillant
bring,apporter
bring back,ramener
bring down,faire tomber
bring forward,avancer
bring out,mettre en évidence
bring up,faire monter
broad,vaste
broadcast,diffuser
broadly,largement
broken,cassé
brother,frère
brown,marron
brush,brosse
bubble,bulle
budget,budget
build,construire
building,bâtiment
build up,accumuler
bullet,balle
bunch,bouquet
burn,brûler
burn down,incendier
burnt,brûlé
burst,éclater
burst into,faire irruption dans
burst out,éclater
bury,enterrer
bus,autobus
bush,buisson
business,Entreprise
businessman,homme d'affaire
busy,occupé
but,mais
butter,beurre
button,bouton
buy,acheter
buyer,acheteur
by,par
bye,au revoir
cabinet,cabinet
cable,câble
cake,gâteau
calculate,calculer
calculation,calcul
call,appel
call back,rappeler
called,appelé
call for,demander
call off,raccroche
call up,appeler
calm,calme
calm down,calmez\\-vous
calmly,calmement
camera,caméra
camp,camp
campaign,campagne
camping,camping
can 1,peut 1
can 2,2 peut
cancel,Annuler
cancer,cancer
candidate,candidat
candy,bonbons
cannot,ne peux pas
cap,casquette
capable,capable
capacity,capacité
capital,Capitale
captain,capitaine
capture,Capturer
car,voiture
card,carte
cardboard,papier carton
care,se soucier
career,carrière
care for,s'occuper de
careful,prudent
carefully,soigneusement
careless,négligent
carelessly,négligemment
carpet,tapis
carrot,carotte
carry,porter
carry on,continuer
carry out,effectuer
case,Cas
cash,en espèces
cast,jeter
castle,Château
cat,chat
catch,capture
catch up,rattraper
category,Catégorie
cause,cause
CD,CD
cease,cesser
ceiling,plafond
celebrate,célébrer
celebration,fête
cell,cellule
cell phone,téléphone portable
cent,cent
centimetre,centimètre
central,central
centre,centre
century,siècle
ceremony,la cérémonie
certain,certain
certainly,certainement
certificate,certificat
chain,chaîne
chair,chaise
chairman,président
chairwoman,présidente
challenge,défi
chamber,chambre
chance,chance
change,changement
change round,tour changer
channel,canal
chapter,chapitre
character,personnage
characteristic,caractéristique
charge,charge
charity,charité
chart,graphique
chase,chasse
chase away,chasser
chat,bavarder
cheap,pas cher
cheaply,à bon marché
cheat,Tricher
cheat of,tricher de
check,vérifier
check in,enregistrement
check into,vérifier dans
check on,vérifier
check out,check\\-out
check over,valider
check up on,vérifier sur
cheek,joue
cheerful,de bonne humeur
cheerfully,gaiement
cheese,fromage
chemical,chimique
chemist,chimiste
chemistry,chimie
cheque,vérifier
chest,poitrine
chew,mâcher
chicken,poulet
chief,chef
child,enfant
chin,menton
chip,puce
chocolate,Chocolat
choice,choix
choose,choisir
chop,hacher
chop down,abattre
chop off,couper
church,église
cigarette,cigarette
cinema,cinéma
circle,cercle
circumstance,circonstance
citizen,citoyen
city,ville
civil,civil
claim,prétendre
clap,taper
class,classe
classic,classique
classroom,salle de cours
clean,nettoyer
clean up,nettoyer
clear,clair
clearly,clairement
clear out,évacuer
clear up,nettoyer
clerk,employé de bureau
clever,intelligent
click,Cliquez sur
client,client
climate,climat
climb,montée
climbing,escalade
clock,l'horloge
close 1,fermer 1
close 2,Fermer 2
closed,fermé
closely,étroitement
closet,placard
cloth,tissu
clothes,vêtements
clothing,Vêtements
cloud,nuage
club,club
coach,entraîneur
coal,charbon
coast,côte
coat,manteau
code,code
coffee,café
coin,pièce de monnaie
cold,du froid
coldly,froidement
collapse,effondrer
colleague,collègue
collect,collecte
collection,collection
college,Université
colour,Couleur
coloured,coloré
column,colonne
combination,combinaison
combine,combiner
come,viens
come across,rencontrer
come down,calme toi
comedy,la comédie
come from,viens de
come in,entrez
come off,se détacher
come on,Allons
come out,sortir
come round,fais demi\\-tour
come to,venir à
come up,montez
come up to,venir à
comfort,confort
comfortable,confortable
comfortably,confortablement
command,commander
comment,commentaire
commercial,commercial
commission,commission
commit,commettre
commitment,engagement
committee,Comité
common,commun
commonly,communément
communicate,communiquer
communication,la communication
community,communauté
company,compagnie
compare,comparer
comparison,Comparaison
compete,rivaliser
competition,compétition
competitive,compétitif
complain,se plaindre
complaint,plainte
complete,Achevée
completely,complètement
complex,complexe
complicate,compliquer
complicated,compliqué
computer,ordinateur
concentrate,concentrer
concentrate on,se concentrer sur
concentration,concentration
concept,concept
concern,préoccupation
concerned,concerné
concerning,concernant
concert,concert
conclude,conclure
conclusion,conclusion
concrete,béton
condition,état
conduct,conduite
conduct,conduite
conference,conférence
confidence,confiance
confident,sur de soi
confidently,en toute confiance
confine,confiner
confined,confiné
confirm,confirmer
conflict,conflit
confront,affronter
confuse,embrouiller
confused,confus
confusing,déroutant
confusion,confusion
congratulate,féliciter
congratulation,félicitation
congress,congrès
connect,relier
connected,lié
connection,lien
conscious,conscient
consequence,conséquence
conservative,conservateur
consider,considérer
considerable,considérable
considerably,considérablement
consideration,considération
consist,consister
consist of,consister en
constant,constant
constantly,constamment
construct,construction
construction,construction
consult,consulter
consumer,consommateur
contact,contact
contain,contenir
container,récipient
contemporary,contemporain
content 1,teneur en 1
contest,concours
context,le contexte
continent,continent
continue,continuer
continuous,continu
continuously,en continu
contract,Contrat
contract,Contrat
contrast,contraste
contrast,contraste
contrasting,contrastant
contribute,contribuer
contribution,contribution
control,contrôle
controlled,contrôlée
convenient,pratique
convention,convention
conventional,conventionnel
conversation,conversation
convert,convertir
convince,convaincre
cook,cuisinier
cooker,cuisinier
cookie,biscuit
cooking,cuisine
cool,cool
cool down,refroidir
cope,chape
copy,copie
core,coeur
corner,coin
correct,correct
correctly,correctement
cost,Coût
cottage,chalet
cotton,coton
cough,toux
coughing,tousser
could,pourrait
council,conseil
count,compter
counter,compteur
count on,compter sur
country,pays
countryside,campagne
county,comté
couple,couple
courage,courage
course,cours
court,tribunal
cousin,cousin
cover,couverture
covered,couvert
covering,couvrant
cover up,Couvrir
cow,vache
crack,fissure
cracked,fissuré
craft,artisanat
crash,crash
crazy,fou
cream,crème
create,créer
creature,créature
credit,crédit
credit card,carte de crédit
crime,la criminalité
criminal,criminel
crisis,crise
crisp,croustillant
criterion,critère
critical,critique
criticism,critique
criticize,critiquer
crop,surgir
cross,traverser
cross out,barrer
crowd,foule
crowded,bondé
crown,couronne
crucial,crucial
cruel,cruel
crush,écraser
cry,pleurer
cry out,exclamer
cultural,culturel
culture,culture
cup,tasse
cupboard,placard
curb,freiner
cure,guérir
curious,curieuse
curiously,avec curiosité
curl,boucle
curl up,se pelotonner
curly,frisé
current,actuel
currently,actuellement
curtain,rideau
curve,courbe
curved,incurvé
custom,Douane
customer,client
customs,douane
cut,Couper
cut back,réduire
cut down,réduire
cut off,couper
cut out,coupé
cut up,découper
cycle,cycle
cycling,cyclisme
dad,papa
daily,du quotidien
damage,dommage
damp,humide
dance,Danse
dancer,Danseur
dancing,dansant
danger,danger
dangerous,dangereux
dare,oser
dark,sombre
data,Les données
date,Date
date back,Retour Date
daughter,fille
day,journée
dead,morte
deaf,sourd
deal,traiter
deal in,traiter dans
deal with,traiter avec
dear,chère
death,mort
debate,débat
debt,dette
decade,décennie
decay,pourriture
December,décembre
decide,décider
decide on,décider
decision,décision
declare,déclarer
decline,déclin
decorate,décorer
decoration,décoration
decorative,décoratif
decrease,diminution
deep,Profond
deeply,profondément
defeat,défaite
defence,la défense
defend,défendre
define,définir
definite,précis
definitely,absolument
definition,définition
degree,degré
delay,retard
deliberate,délibérer
deliberately,délibérément
delicate,délicat
delight,délice
delighted,Enchanté
deliver,livrer
delivery,livraison
demand,demande
demonstrate,démontrer
dentist,dentiste
deny,Nier
department,département
departure,Départ
depend,dépendre
depend on,dépend de
deposit,dépôt
depress,déprimer
depressed,déprimé
depressing,déprimant
depth,profondeur
derive,dériver
derive from,tirer de
describe,décris
description,la description
desert,désert
desert,désert
deserted,déserté
deserve,mériter
design,conception
desire,envie
desk,bureau
desperate,désespéré
desperately,désespérément
despite,malgré
destroy,détruire
destruction,destruction
detail,détail
detailed,détaillé
determination,détermination
determine,déterminer
determined,déterminé
develop,développer
development,développement
device,dispositif
devote,consacrer
devoted,dévoué
devote to,dévoué à
diagram,diagramme
diamond,diamant
diary,journal intime
dictionary,dictionnaire
die,mourir
die away,dépérir
die out,disparaître
diet,régime
difference,différence
different,différent
differently,différemment
difficult,difficile
difficulty,difficulté
dig,creuser
digital,numérique
dinner,dîner
direct,direct
direction,direction
directly,directement
director,réalisateur
dirt,saleté
dirty,sale
disabled,désactivé
disadvantage,désavantage
disagree,être en désaccord
disagreement,désaccord
disagree with doing,en désaccord avec faire
disappear,disparaître
disappoint,décevoir
disappointed,déçu
disappointing,décevant
disappointment,déception
disapproval,désapprobation
disapprove,désapprouver
disapproving,désapprobateur
disaster,catastrophe
disc,disque
discipline,la discipline
discount,remise
discover,découvrir
discovery,Découverte
discuss,discuter
discussion,discussion
disease,maladie
disgust,dégoûter
disgusted,dégoûté
disgusting,répugnant
dish,plat
dishonest,malhonnête
dishonestly,malhonnêtement
disk,disque
dislike,Ne pas aimer
dismiss,rejeter
display,afficher
dissolve,dissoudre
distance,distance
distinguish,distinguer
distribute,distribuer
distribution,Distribution
district,district
disturb,déranger
disturbing,inquiétant
divide,diviser
division,division
divorce,divorce
divorced,divorcé
do 1,faire 1
doctor,docteur
document,document
dog,chien
dollar,dollar
domestic,national
dominate,dominer
door,porte
dot,point
double,double
doubt,doute
do up,boutonner
do with,faire avec
do without,faire sans
down,vers le bas
downstairs,en bas
downward,vers le bas
downwards,vers le bas
dozen,douzaine
draft,Brouillon
drag,traîne
drama,drame
dramatic,spectaculaire
dramatically,de façon spectaculaire
draw,dessiner
drawer,tiroir
drawing,dessin
dream,rêver
dress,robe
dressed,habillé
dress up,s'habiller
drink,boisson
drive,conduire
drive away,s'en aller en voiture
drive off,chasser
driver,chauffeur
driving,conduite
drop,laissez tomber
drop out,abandonner
drug,médicament
drugstore,pharmacie
drum,tambour
drunk,ivre
dry,sec
dry off,se sécher
dry up,sécher
due,dû
dull,terne
dump,déverser
during,pendant
dust,poussière
duty,devoir
DVD,DVD
dying,en train de mourir
each,chaque
each other,L'une et l'autre
ear,oreille
early,de bonne heure
earn,gagner
earth,Terre
ease,facilité
easily,facilement
east,est
eastern,est
easy,facile
eat,manger
eat out,aller au restaurant
eat up,dévorer
economic,économique
economy,économie
edge,bord
edition,édition
editor,éditeur
educate,éduquer
educated,cultivé
education,éducation
effect,effet
effective,efficace
effectively,effectivement
efficient,efficace
efficiently,efficacement
effort,effort
e.g.,par exemple.
egg,Oeuf
eight,huit
eighteen,dix\\-huit
eighteenth,dix\\-huitième
eighth,huitième
eightieth,quatre\\-vingtième
eighty,quatre\\-vingts
either,Soit
elbow,coude
elderly,personne âgée
elect,élire
election,élection
electric,électrique
electrical,électrique
electricity,électricité
electronic,électronique
elegant,élégant
element,élément
elevator,ascenseur
eleven,Onze
eleventh,onzième
else,autre
elsewhere,autre part
email,email
embarrass,embarrasser
embarrassed,embarrassé
embarrassing,gênant
embarrassment,embarras
emerge,émerger
emergency,urgence
emotion,émotion
emotional,émotif
emotionally,émotionnellement
emphasis,accentuation
emphasize,souligner
empire,Empire
employ,employer
employee,employé
employer,employeur
employment,emploi
empty,vide
enable,activer
encounter,rencontre
encourage,encourager
encouragement,encouragement
end,fin
end in,end
ending,fin
end up,finir
enemy,ennemi
energy,énergie
engage,engager
engaged,engagé
engine,moteur
engineer,ingénieur
engineering,ingénierie
enjoy,prendre plaisir
enjoyable,agréable
enjoyment,jouissance
enormous,énorme
enough,assez
enquiry,enquête
ensure,assurer
enter,entrer
entertain,divertir
entertainer,artiste
entertaining,divertissant
entertainment,divertissement
enthusiasm,enthousiasme
enthusiastic,enthousiaste
enthusiastically,avec enthousiasme
entire,tout
entirely,entièrement
entitle,habiliter
entrance 1,entrée 1
entry,entrée
envelope,enveloppe
environment,environnement
environmental,écologique
equal,égal
equally,également
equipment,équipement
equivalent,équivalent
error,Erreur
escape,échapper
especially,surtout
essay,rédaction
essential,essentiel
essentially,essentiellement
establish,établir
estate,biens
estimate,estimation
etc.,etc.
euro,euro
even,même
evening,soirée
event,un événement
eventually,finalement
ever,déjà
every,chaque
everybody,Tout le monde
everyone,toutes les personnes
everything,tout
everywhere,partout
evidence,preuve
evil,mal
ex\\-,ex\\-
exact,exact
exactly,exactement
exaggerate,exagérer
exaggerated,exagéré
exam,examen
examination,examen
examine,examiner
example,exemple
excellent,excellent
except,sauf
exception,exception
exchange,échange
excite,exciter
excited,excité
excitement,excitation
exciting,passionnant
exclude,exclure
excluding,à l'exclusion
excuse,excuse
excuse,excuse
executive,exécutif
exercise,exercice
exhibit,exposition
exhibition,exposition
exist,exister
existence,existence
exit,sortie
expand,développer
expect,attendre
expectation,attente
expected,attendu
expense,frais
expensive,coûteux
experience,expérience
experienced,expérimenté
experiment,expérience
expert,expert
explain,Explique
explanation,explication
explode,exploser
explore,explorer
explosion,explosion
export,exportation
export,exportation
expose,exposer
express,Express
expression,expression
extend,étendre
extension,extension
extensive,extensif
extent,Le degré
extra,supplémentaire
extraordinary,extraordinaire
extreme,extrême
extremely,extrêmement
eye,œil
face,visage
face up to,faire face à
facility,établissement
fact,fait
factor,facteur
factory,usine
fail,échouer
failure,échec
faint,perdre connaissance
faintly,faiblement
fair,juste
fairly,équitablement
faith,Foi
faithful,fidèle
faithfully,fidèlement
fall,tomber
FALSE,FAUX
fame,la célébrité
familiar,familier
family,famille
famous,célèbre
fan,ventilateur
fancy,fantaisie
far,loin
farm,ferme
farmer,agriculteur
farming,agriculture
farther,plus loin
farthest,le plus éloigné
fashion,mode
fashionable,à la mode
fast,vite
fasten,boucler
fat,graisse
father,père
faucet,robinet
fault,faute
favour,favoriser
favourite,préféré
fear,peur
feather,plume
feature,fonctionnalité
February,février
federal,fédéral
fee,frais
feed,alimentation
feel,ressentir
feeling,sentiment
fellow,compagnon
female,femelle
fence,clôture
festival,Festival
fetch,apporter
fever,fièvre
few,peu
field,champ
fifteen,quinze
fifteenth,quinzième
fifth,cinquième
fiftieth,cinquantième
fifty,cinquante
fight,bats toi
fighting,combat
figure,figure
figure out,comprendre
file,fichier
fill,remplir
fill in,remplir
fill out,remplir
fill up,remplir
film,film
final,final
finally,enfin
finance,la finance
financial,financier
find,trouver
find out,trouver
fine,bien
finely,finement
finger,doigt
finish,terminer
finished,fini
finish off,finir
fire,Feu
firm,raffermir
firmly,fermement
first,première
fish,poisson
fishing,pêche
fit,en forme
fit in,tenir dans
five,cinq
fix,réparer
fixed,fixé
flag,drapeau
flame,flamme
flash,éclat
flat,plat
flavour,saveur
flesh,la chair
flight,vol
float,flotte
flood,inonder
flooded,inondé
flooding,inondation
floor,sol
flour,farine
flow,couler
flower,fleur
flu,grippe
fly,mouche
flying,en volant
focus,concentrer
fold,plier
folding,pliant
follow,suivre
following,Suivant
follow up,suivre
food,aliments
foot,pied
football,Football
for,pour
force,Obliger
forecast,prévoir
foreign,étranger
forest,forêt
forever,pour toujours
forget,oublier
forgive,pardonner
fork,fourchette
form,forme
formal,formel
formally,officiellement
former,ancien
formerly,Auparavant
formula,formule
fortieth,quarantième
fortune,fortune
forty,quarante
forward,vers l'avant
found,a trouvé
foundation,fondation
four,quatre
fourteen,Quatorze
fourteenth,quatorzième
fourth,Quatrième
frame,Cadre
free,libre
freedom,liberté
freely,librement
freeze,Geler
frequent,fréquent
frequently,fréquemment
fresh,Frais
freshly,fraîchement
Friday,Vendredi
fridge,frigo
friend,ami
friendly,amical
friendship,relation amicale
frighten,effrayer
frighten away/off,effaroucher / off
frightened,effrayé
frightening,effrayant
from,de
front,de face
frozen,congelé
fruit,fruit
fry,frire
fuel,carburant
full,plein
fully,pleinement
fun,amusement
function,fonction
function as,fonctionne comme
fund,fonds
fundamental,fondamental
funeral,funérailles
funny,drôle
fur,fourrure
furniture,meubles
further,plus loin
future,futur
gain,Gain
gallon,gallon
gamble,pari
gambling,jeux d'argent
game,Jeu
gap,écart
garage,garage
garbage,des ordures
garden,jardin
gas,gaz
gasoline,de l'essence
gate,porte
gather,recueillir
gear,équipement
general,général
generally,généralement
generate,produire
generation,génération
generous,généreuse
generously,généreusement
gentle,doux
gentleman,gentilhomme
gently,doucement
genuine,véritable
genuinely,vraiment
geography,géographie
get,avoir
get away,va\\-t\\-en
get away with,échapper à
get back,revenir
get by,se débrouiller
get in,entrer
get into,entrer dans
get off,descendez
get on,monter
get on with,obtenir avec
get out of,sors de
get over,surmonter
get round,contourner
get round to,à contourner
get through,traverser
get up,se lever
giant,géant
gift,cadeau
girl,fille
girlfriend,petite amie
give,donner
give away,révéler
give back,redonner
give in,donner
give off,dégager
give out,abandonner
give up,abandonner
glad,heureux
glass,verre
global,global
glove,gant
glue,la colle
go,aller
go ahead,aller de l'avant
goal,objectif
go away,allez\\-vous en
go back,retourner
go back to,revenir à
go by,passer
god,Dieu
go down,descendre
go into,entrer dans
gold,or
good,bien
goodbye,Au revoir
goods,des biens
go off,Partir
go on,continue
go on doing,continuer à faire
go out,sortir
go out with,sortir avec
go over,passer
go round,faire le tour
go through,traverser
go through with,aller jusqu'au bout
go to,aller à
go up,monter
govern,gouverne
government,gouvernement
governor,gouverneur
go with,aller avec
go without,aller sans
grab,saisir
grade,classe
gradual,graduel
gradually,progressivement
grain,grain
gram,gramme
grammar,grammaire
grand,grandiose
grandchild,petit enfant
granddaughter,petite fille
grandfather,grand\\-père
grandmother,grand\\-mère
grandparent,grand\\-parent
grandson,petit fils
grant,subvention
grass,herbe
grateful,reconnaissant
grave 1,tombe 1
gravely,gravement
great,génial
greatly,très
green,vert
grey,gris
grocery,épicerie
ground,sol
group,groupe
grow,grandir
growth,croissance
grow up,grandir
guarantee,garantie
guard,garde
guess,devine
guest,client
guide,guider
guilty,coupable
gun,pistolet
guy,gars
habit,habitude
hair,cheveux
hairdresser,coiffeur
half,moitié
hall,salle
hammer,marteau
hand,main
hand back,rendre
hand down,transmettre
hand in,main
handle,manipuler
hand out,distribuer
hand over,remettre
hand round,tour de main
hang,pendre
hang about,attendre
hang about with,lanterner avec
hang around,Traîner
hang around with,traîner avec
hang on,attendre
hang on to,S'accrocher à
hang up,Raccrocher
happen,se produire
happen to,arriver à
happily,Heureusement
happiness,bonheur
happy,heureux
hard,dur
hardly,à peine
harm,nuire
harmful,nocif
harmless,sans danger
hat,chapeau
hate,haine
hatred,haine
have,avoir
have back,faire revenir
have on,avoir sur
have to,devoir
he,il
head,tête
headache,mal de crâne
heal,guérir
health,santé
healthy,en bonne santé
hear,entendre
hear from,entendu de
hearing,audition
hear of,entendre des
heart,cœur
heat,chaleur
heating,chauffage
heat up,chauffer
heaven,paradis
heavily,fortement
heavy,lourd
heel,talon
height,la taille
hell,enfer
hello,Bonjour
help,Aidez\\-moi
helpful,utile
help out,venir en aide
hence,Par conséquent
her,sa
here,ici
hero,héros
hers,la sienne
herself,se
hesitate,hésiter
hi,salut
hide,cacher
high,haute
highlight,surligner
highly,très
highway,Autoroute
hill,colline
him,lui
himself,lui\\-même
hip,hanche
hire,louer
hire out,embaucher des
his,le sien
historical,historique
history,l'histoire
hit,frappé
hobby,loisir
hold,tenir
hold back,attente de retour
hold on,attendez
hold on to,s'accrocher
hold out,résistant
hold up,braquage
hole,trou
holiday,vacances
hollow,creux
holy,saint
home,Accueil
homework,devoirs
honest,honnête
honestly,honnêtement
honour,honneur
hook,crochet
hope,espérer
horizontal,horizontal
horn,klaxon
horror,horreur
horse,cheval
hospital,hôpital
host,hôte
hot,chaud
hotel,Hôtel
hour,heure
house,maison
household,Ménage
housing,logement
how,Comment
however,toutefois
huge,énorme
human,Humain
humorous,humoristique
humour,humour
hundred,cent
hundredth,centième
hungry,faim
hunt,chasse
hunting,chasse
hurry,se dépêcher
hurry up,Dépêchez\\-vous
hurt,blesser
husband,mari
I,je
ice,la glace
ice cream,crème glacée
idea,idée
ideal,idéal
identify,identifier
identify with,Identifiez\\-vous avec
identity,identité
i.e.,c'est à dire.
if,si
ignore,ignorer
ill,mauvais
illegal,illégal
illegally,illégalement
illness,maladie
illustrate,illustrer
image,image
imaginary,imaginaire
imagination,imagination
imagine,imaginer
immediate,immédiat
immediately,immédiatement
immoral,immoral
impact,impact
impatient,impatient
implication,implication
imply,impliquer
import,importer
import,importer
importance,importance
important,important
importantly,important
impose,imposer
impossible,impossible
impress,impressionner
impressed,impressionné
impression,impression
impressive,impressionnant
improve,améliorer
improvement,amélioration
in,dans
inability,incapacité
inch,pouce
incident,incident
include,comprendre
including,comprenant
income,le revenu
increase,augmenter
increasingly,de plus en plus
indeed,En effet
independence,indépendance
independent,indépendant
independently,indépendamment
index,indice
indicate,indiquer
indication,indication
indirect,indirect
indirectly,indirectement
individual,individuel
indoor,intérieur
indoors,à l'intérieur
industrial,industriel
industry,industrie
inevitable,inévitable
inevitably,inévitablement
infect,infecter
infected,infecté
infection,infection
infectious,infectieux
influence,influence
inform,informer
informal,informel
information,information
ingredient,ingrédient
initial,initiale
initially,initialement
initiative,initiative
injure,blesser
injured,blessé
injury,blessure
ink,encre
inner,interne
innocent,innocent
insect,insecte
insert,insérer
inside,à l'intérieur
insist,insister
insist on,insister sur
insist on doing,insister pour faire
install,installer
instance,exemple
instead,au lieu
instead of,au lieu de
institute,institut
institution,institution
instruction,instruction
instrument,instrument
insult,insulter
insulting,insultant
insurance,Assurance
intelligence,intelligence
intelligent,intelligente
intend,avoir l'intention
intended,prévu
intention,intention
interest,intérêt
interested,intéressé
interesting,intéressant
interior,intérieur
internal,interne
international,international
Internet,l'Internet
interpret,interpréter
interpretation,interprétation
interrupt,interrompre
interruption,interruption
interval,intervalle
interview,entrevue
into,dans
introduce,présenter
introduction,introduction
invent,inventer
invention,invention
invest,investir
investigate,enquêter
investigation,enquête
investment,investissement
invitation,invitation
invite,inviter
involve,impliquer
involved,impliqué
involvement,participation
iron,le fer
irritate,irriter
irritated,irrité
irritating,irritant
island,île
issue,problème
it,il
item,article
its,ses
itself,lui\\-même
jacket,veste
jam,confiture
January,janvier
jealous,jaloux
jeans,jeans
jelly,gelée
jewellery,bijoux
job,emploi
join,joindre
join in,se joindre à
joint,mixte
jointly,conjointement
joke,blague
journalist,journaliste
journey,périple
joy,joie
judge,juge
judgement,jugement
juice,jus
July,juillet
jump,sauter
June,juin
junior,junior
just,juste
justice,Justice
justified,justifiée
justify,justifier
keen,enthousiaste
keep,garder
keep out,rester dehors
keep out of,reste en dehors de
keep up,continuez
keep up with,suivre
key,clé
keyboard,clavier
kick,donner un coup
kid,enfant
kill,tuer
killing,meurtre
kilogram,kilogramme
kilometre,kilomètre
kind,gentil
kindly,gentiment
kindness,la gentillesse
king,Roi
kiss,baiser
kitchen,cuisine
knee,le genou
knife,couteau
knit,tricoter
knitted,tricoté
knitting,tricot
knock,frappe
knock down,abattre
knock out,Assommer
knot,nœud
know,savoir
knowledge,connaissance
lab,laboratoire
label,étiquette
laboratory,laboratoire
labour,la main d'oeuvre
lack,manquer de
lacking,manquant
lady,Dame
lake,Lac
lamp,lampe
land,terre
landscape,paysage
lane,voie
language,Langue
large,grand
largely,en grande partie
last 1,dernière 1
late,en retard
later,plus tard
latest,dernier
latter,dernier
laugh,rire
laugh at,rire de
launch,lancement
law,loi
lawyer,avocat
lay,allonger
layer,couche
lazy,paresseux
lead 1,conduire 1
leader,chef
leading 1,menant 1
leaf,feuille
league,ligue
lean,maigre
learn,apprendre
least,moins
leather,cuir
leave,laisser
leave out,omettre
lecture,conférence
left,la gauche
leg,jambe
legal,légal
legally,légalement
lemon,citron
lend,prêter
length,longueur
less,Moins
lesson,leçon
let,laisser
let down,laisser tomber
let off,lâcher
letter,lettre
level,niveau
library,bibliothèque
licence,Licence
license,Licence
lid,couvercle
lie 1,mensonge 1
lie 2,mensonge 2
lie around,se trouvent à
lie down,s'allonger
life,la vie
lift,ascenseur
light,lumière
lightly,légèrement
like,comme
likely,probable
limit,limite
limited,limité
limit to,limite à
line,ligne
link,lien
lip,lèvre
liquid,liquide
list,liste
listen,Ecoutez
literature,Littérature
litre,litre
little,peu
live 1,1 en direct
live 2,2 en direct
lively,animé
live on,vivre de
live through,survivre
live together,vivre ensemble
living,vivant
load,charge
loan,prêt
local,local
locally,localement
locate,Localiser
located,situé
location,emplacement
lock,fermer à clé
lock up,enfermer
logic,logique
logical,logique
lonely,solitaire
long,longue
look,Regardez
look after,prendre soin
look at,Regarder
look down on,regarder de haut
look forward to,hâte de
look into,examiner
look on,regarder
look on with,regarder avec
look out,Attention
look out for,regarder dehors pour
look round,Regarder autour
look through,regarder à travers
look up,Chercher
look up to,chercher à
loose,ample
loosely,librement
lord,Seigneur
lorry,camion
lose,perdre
loss,perte
lost,perdu
lot,lot
loud,bruyant
loudly,bruyamment
love,l'amour
lovely,charmant
lover,amoureux
low,faible
loyal,fidèle
luck,la chance
lucky,chanceux
luggage,bagage
lump,bosse
lunch,le déjeuner
lung,poumon
machine,machine
machinery,machinerie
mad,furieux
magazine,magazine
magic,la magie
mail,courrier
main,principale
mainly,principalement
maintain,maintenir
major,Majeur
majority,majorité
make,faire
make into,faire en
make up,maquillage
make\\-up,maquillage
make up for,compenser
male,Masculin
mall,centre commercial
man,homme
manage,gérer
management,la gestion
manager,directeur
manner,manière
manufacture,fabrication
manufacturer,fabricant
manufacturing,fabrication
many,beaucoup
map,carte
march,Mars
March,Mars
mark,marque
market,marché
marketing,commercialisation
marriage,mariage
married,marié
marry,marier
mass,Masse
massive,massif
master,Maître
match,rencontre
matching,correspondant à
match up,correspondre
mate,camarade
material,Matériel
mathematics,mathématiques
matter,matière
maximum,maximum
may,mai
May,Mai
maybe,peut être
mayor,maire
me,moi
meal,repas
mean,signifier
meaning,sens
means,veux dire
meanwhile,pendant ce temps
measure,mesure
measurement,la mesure
meat,Viande
media,médias
medical,médical
medicine,médicament
medium,moyen
meet,rencontrer
meeting,réunion
meet up,se rencontrer
meet with,rencontrer
melt,fondre
member,membre
membership,adhésion
memory,Mémoire
mental,mental
mentally,mentalement
mention,mention
menu,menu
mere,simple
merely,seulement
mess,désordre
message,message
metal,métal
method,méthode
metre,mètre
mid\\-,milieu\\-
midday,midi
middle,milieu
midnight,minuit
might,pourrait
mild,Bénin
mile,mile
military,militaire
milk,Lait
milligram,milligramme
millimetre,millimètre
million,million
millionth,millionième
mind,esprit
mine,mien
mineral,minéral
minimum,le minimum
minister,ministre
ministry,ministère
minor,mineur
minority,minorité
minute 1,1 minute
mirror,miroir
miss,manquer
missing,manquant
miss out,passer
mistake,erreur
mistake for,erreur pour
mistaken,erroné
mix,mélanger
mixed,mixte
mixture,mélange
mix up,mélanger
mobile,mobile
mobile phone,téléphone portable
model,modèle
modern,moderne
mom,maman
moment,moment
Monday,Lundi
money,argent
monitor,moniteur
month,mois
mood,ambiance
moon,lune
moral,moral
morally,moralement
more,plus
moreover,de plus
morning,Matin
most,plus
mostly,la plupart
mother,mère
motion,mouvement
motor,moteur
motorbike,moto
motorcycle,moto
mount,monter
mountain,Montagne
mouse,Souris
mouth,bouche
move,bouge toi
move in,emménager
movement,mouvement
move out,déménager
move over,bouge
movie,film
movie theater,cinéma
moving,en mouvement
Mr,Monsieur
Mrs,Mme
Ms,SP
much,beaucoup
mud,boue
multiply,multiplier
mum,maman
murder,meurtre
muscle,muscle
museum,musée
music,la musique
musical,musical
musician,musicien
must,doit
my,mon
myself,moi même
mysterious,mystérieux
mystery,mystère
nail,clou
naked,nu
name,Nom
narrow,étroit
nation,nation
national,nationale
natural,Naturel
naturally,naturellement
nature,la nature
navy,marine
near,près
nearby,proche
nearly,presque
neat,soigné
neatly,soigneusement
necessarily,nécessairement
necessary,nécessaire
neck,cou
need,avoir besoin
needle,aiguille
negative,négatif
neighbour,voisin
neighbourhood,quartier
neither,ni
nephew,neveu
nerve,nerf
nervous,nerveux
nervously,nerveusement
nest,nid
net,net
network,réseau
never,jamais
nevertheless,Néanmoins
new,Nouveau
newly,nouvellement
news,nouvelles
newspaper,journal
next,suivant
next to,à côté de
nice,agréable
nicely,bien
niece,nièce
night,nuit
nine,neuf
nineteen,dix\\-neuf
nineteenth,dix\\-neuvième
ninetieth,ninetieth
ninety,quatre vingt dix
ninth,neuvième
no,non
nobody,personne
noise,bruit
noisily,à grand bruit
noisy,bruyant
non\\-,non\\-
none,aucun
nonsense,absurdité
no one,personne
nor,ni
normal,Ordinaire
normally,normalement
north,Nord
northern,nord
nose,nez
not,ne pas
note,Remarque
note down,inscrire
nothing,rien
notice,remarquer
noticeable,perceptible
novel,roman
November,novembre
now,maintenant
nowhere,nulle part
nuclear,nucléaire
number,nombre
nurse,infirmière
nut,écrou
obey,obéit
object,objet
object,objet
objective,objectif
observation,observation
observe,observer
obtain,obtenir
obvious,évident
obviously,évidemment
occasion,occasion
occasionally,parfois
occupied,occupé
occupy,occuper
occur,se produire
occur to,Arriver à
ocean,océan
o’clock,heure
October,octobre
odd,impair
oddly,bizarrement
of,de
off,de
offence,infraction
offend,offenser
offense,infraction
offensive,offensive
offer,offre
office,Bureau
officer,officier
official,officiel
officially,officiellement
often,souvent
oh,Oh
oil,pétrole
OK,D'accord
old,vieux
old\\-fashioned,démodé
on,sur
once,une fois que
one,une
one another,un autre
onion,oignon
online,en ligne
only,seulement
onto,sur
open,ouvert
opening,ouverture
openly,ouvertement
open up,S'ouvrir
operate,fonctionner
operation,opération
opinion,opinion
opponent,adversaire
opportunity,opportunité
oppose,s'opposer
opposed,opposé
opposing,opposé
opposite,contraire
opposition,opposition
option,option
or,ou
orange,Orange
order,ordre
ordinary,ordinaire
organ,organe
organization,organisation
organize,organiser
organized,organisé
origin,origine
original,original
originally,initialement
other,autre
otherwise,autrement
ought to,devrait
our,notre
ours,les notres
ourselves,nous\\-mêmes
out,en dehors
outdoor,Extérieur
outdoors,en plein air
outer,extérieur
outline,contour
output,production
outside,à l'extérieur
outside,à l'extérieur
outstanding,exceptionnel
oven,four
over,plus de
overall,global
overall,global
overcome,surmonter
owe,devoir
own,posséder
owner,propriétaire
own up,confesser
pace 1,rythme 1
pack,pack
package,paquet
packaging,emballage
packet,paquet
pack up,emballer
page,page
pain,douleur
painful,douloureux
paint,peindre
painter,peintre
painting,La peinture
pair,paire
palace,palais
pale,pâle
pan 1,pan 1
panel,panneau
pants,un pantalon
paper,papier
parallel,parallèle
parent,parent
park,parc
parliament,parlement
part,partie
particular,particulier
particularly,particulièrement
partly,partiellement
partner,partenaire
partnership,Partenariat
party,fête
pass,passer
passage,passage
pass away,mourir
pass by,passer à côté
passenger,passager
passing,qui passe
pass on,transmettre
pass out,tomber dans les pommes
passport,passeport
pass round,passer tour
pass through,traverser
past,passé
path,chemin
patience,la patience
patient,patient
pattern,modèle
pause,pause
pay,Payer
pay back,rembourser
payment,Paiement
pay out,payer
pay up,payer
peace,paix
peaceful,paisible
peak,de pointe
pen,stylo
pencil,crayon
penny,penny
pension 1,1 pension
people,gens
pepper,poivre
per,par
per cent,pour cent
perfect,parfait
perfectly,à la perfection
perform,effectuer
performance,performance
performer,interprète
perhaps,peut\\-être
period,période
permanent,permanent
permanently,en permanence
permission,autorisation
permit,permis
person,la personne
personal,personnel
personality,personnalité
personally,personnellement
persuade,persuader
pet,animal de compagnie
petrol,essence
phase,phase
philosophy,philosophie
phone,téléphone
photo,photo
photocopy,photocopie
photograph,photographier
photographer,photographe
photography,la photographie
phrase,phrase
physical,physique
physically,physiquement
physics,la physique
piano,piano
pick,choisir
pick up,ramasser
picture,image
piece,pièce
pig,porc
pile,pile
pile up,entasser
pill,pilule
pilot,pilote
pin,épingle
pink,rose
pint,pinte
pipe,tuyau
pitch,pas
pity,pitié
place,endroit
plain,plaine
plan,plan
plane,avion
planet,planète
planning,Planification
plant,plante
plastic,Plastique
plate,assiette
platform,Plate\\-forme
play,jouer
play about,jouer
player,joueur
play with,joue avec
pleasant,agréable
pleasantly,agréablement
please,S'il vous plaît
pleased,heureux
pleasing,plaisant
pleasure,plaisir
plenty,beaucoup
plot,terrain
plug,prise de courant
plug in,brancher
plus 1,plus 1
p.m.,p.m.
pocket,poche
poem,poème
poetry,poésie
point,point
pointed,pointu
point out,signaler
poison,poison
poisonous,toxique
pole,pôle
police,police
policy,politique
polish,polonais
polite,poli
politely,poliment
political,politique
politically,politiquement
politician,politicien
politics,politique
pollution,la pollution
pool,bassin
poor,pauvres
pop,pop
popular,populaire
population,population
port,Port
pose,pose
position,position
positive,positif
possess,posséder
possession,possession
possibility,possibilité
possible,possible
possibly,peut\\-être
post,Publier
post office,bureau de poste
pot,pot
potato,Patate
potential,potentiel
potentially,potentiellement
pound,livre
pour,verser
powder,poudre
power,Puissance
powerful,puissant
practical,pratique
practically,pratiquement
practice,entraine toi
practise,entraine toi
praise,louange
pray,prier
prayer,prière
precise,précis
precisely,précisément
predict,prédire
prefer,préférer
preference,préférence
pregnant,Enceinte
premises,locaux
preparation,préparation
prepare,préparer
prepared,préparé
presence,présence
present,présent
present,présent
presentation,présentation
preserve,préserver
president,Président
press,presse
pressure,pression
presumably,probablement
pretend,faire semblant
pretty,joli
prevent,prévenir
previous,précédent
previously,précédemment
price,prix
pride,fierté
priest,prêtre
primarily,principalement
primary,primaire
prime minister,premier ministre
prince,prince
princess,Princesse
principle,principe
print,impression
printer,imprimante
printing,impression
print off,imprimer
prior,avant
priority,priorité
prison,prison
prisoner,prisonnier
private,privé
privately,en privé
prize,prix
probable,probable
probably,Probablement
problem,problème
procedure,procédure
proceed,procéder
process 1,processus 1
produce,produire
producer,producteur
product,produit
production,production
profession,profession
professional,professionnel
professor,professeur
profit,profit
program,programme
programme,programme
progress,le progrès
progress,le progrès
project,projet
project,projet
promise,promettre
promote,promouvoir
promotion,promotion
prompt,rapide
promptly,rapidement
pronounce,prononcer
pronunciation,prononciation
proof,preuve
proper,correct
properly,correctement
property,propriété
proportion,proportion
proposal,proposition
propose,proposer
prospect,perspective
protect,protéger
protection,protection
protest,manifestation
protest,manifestation
proud,fier
proudly,fièrement
prove,prouver
provide,fournir
provided,à condition de
providing,fournir
pub,pub
public,Publique
publication,publication
publicity,publicité
publicly,publiquement
publish,publier
publishing,édition
pull,tirer
pull apart,démonter
pull down,tirer vers le bas
pull in,tirer dans
pull off,retirer
pull out,extraire
pull over,arrêtez\\-vous
pull through,tirer
pull together,Rassembler
pull up,remonter
punch,coup de poing
punish,punir
punishment,Châtiment
pupil,élève
purchase,achat
pure,pur
purely,purement
purple,violet
purpose,objectif
pursue,poursuivre
push,pousser
push about,pousser au sujet
push forward,faire avancer
put,mettre
put away,ranger
put back,retarder
put down,déposer
put forward,mettre en avant
put in,mettre
put off,repousser
put on,mettez
put out,éteindre
put through,mettre par
put together,mettre ensemble
put up,faire des réserves
put up with,supporter
qualification,qualification
qualified,qualifié
qualify,qualifier
quality,qualité
quantity,quantité
quarter,trimestre
queen,reine
question,question
quick,rapide
quickly,rapidement
quiet,silencieux
quietly,tranquillement
quit,quitter
quite,assez
quote,citation
race,course
racing,courses
radio,radio
rail,rail
railroad,chemin de fer
railway,chemin de fer
rain,pluie
raise,élever
range,gamme
rank,rang
rapid,rapide
rapidly,rapidement
rare,rare
rarely,rarement
rate,taux
rather,plutôt
raw,brut
re\\-,ré\\-
reach,atteindre
react,réagir
reaction,réaction
read,lis
reader,lecteur
reading,en train de lire
read out,lire à haute voix
read over,relire
ready,prêt
real,réel
realistic,réaliste
reality,réalité
realize,prendre conscience de
really,vraiment
rear,arrière
reason,raison
reasonable,raisonnable
reasonably,raisonnablement
recall,rappel
receipt,le reçu
receive,recevoir
recent,récent
recently,récemment
reception,accueil
reckon,croire
reckon on,compter sur
recognition,reconnaissance
recognize,reconnaître
recommend,recommander
record,record
record,record
recording,enregistrement
recover,récupérer
red,rouge
reduce,réduire
reduction,réduction
refer,référer
reference,référence
refer to,faire référence à
reflect,réfléchir
reform,réforme
refrigerator,réfrigérateur
refusal,refus
refuse 1,refuser 1
regard,qui concerne
regarding,En ce qui concerne
region,Région
regional,régional
register,S'inscrire
regret,le regret
regular,régulier
regularly,régulièrement
regulation,régulation
reject,rejeter
relate,rapporter
related,en relation
relate to,se rapporter à
relation,relation
relationship,relation
relative,relatif
relatively,relativement
relax,se détendre
relaxed,détendu
relaxing,relaxant
release,Libération
relevant,pertinent
relief,le soulagement
religion,religion
religious,religieux
rely,compter
rely on,compter sur
remain,rester
remaining,restant
remains,restes
remark,remarque
remarkable,remarquable
remarkably,remarquablement
remember,rappelles toi
remind,rappeler
remind of,rappeler
remote,éloigné
removal,suppression
remove,retirer
rent,location
rented,loué
repair,réparation
repeat,répéter
repeated,répété
repeatedly,à plusieurs reprises
replace,remplacer
reply,réponse
report,rapport
represent,représenter
representative,représentant
reproduce,reproduire
reputation,réputation
request,demande
require,exiger
requirement,exigence
rescue,porter secours
research,recherche
reservation,réservation
reserve,réserve
resident,résident
resist,résister
resistance,la résistance
resolve,résoudre
resort,recours
resort to,recourir à
resource,Ressource
respect,le respect
respond,répondre
response,réponse
responsibility,responsabilité
responsible,responsable
rest,du repos
restaurant,restaurant
restore,restaurer
restrict,restreindre
restricted,limité
restriction,restriction
result,résultat
result in,aboutir à
retain,conserver
retire,se retirer
retired,retraité
retirement,retraite
return,revenir
reveal,révéler
reverse,inverser
review,la revue
revise,réviser
revision,révision
revolution,révolution
reward,récompense
rhythm,rythme
rice,riz
rich,riches
rid,débarrasser
ride,balade
rider,cavalier
ridiculous,ridicule
riding,équitation
right,droite
rightly,justement
ring 1,anneau 1
ring 2,cycle 2
ring back,rappeler
rise,augmenter
risk,risque
rival,rival
river,rivière
road,route
rob,Rob
rock,Roche
role,rôle
roll,rouleau
romantic,romantique
roof,toit
room,chambre
root,racine
rope,corde
rough,rugueux
roughly,grossièrement
round,rond
rounded,arrondie
route,route
routine,routine
row 1,une rangée
royal,Royal
rub,frotter
rubber,caoutchouc
rubbish,ordures
rude,grossier
rudely,sans ménagement
ruin,se ruiner
ruined,ruiné
rule,règle
rule out,éliminer
ruler,règle
rumour,rumeur
run,courir
run after,courir après
run away,fuyez
runner,coureur
running,fonctionnement
run out,s'épuiser
run over,écraser
run through,parcourir
rural,rural
rush,se ruer
sack,sac
sad,triste
sadly,tristement
sadness,tristesse
safe,sûr
safely,sans encombre
safety,sécurité
sail,voile
sailing,voile
sailor,marin
salad,salade
salary,un salaire
sale,vente
salt,sel
salty,salé
same,même
sample,échantillon
sand,le sable
satisfaction,la satisfaction
satisfied,satisfait
satisfy,satisfaire
satisfying,satisfaisant
Saturday,samedi
sauce,sauce
save,enregistrer
saving,économie
say,dire
scale,échelle
scare,effrayer
scared,effrayé
scare off,effrayer
scene,scène
schedule,programme
scheme,schème
school,école
science,science
scientific,scientifique
scientist,scientifique
scissors,les ciseaux
score,But
scratch,rayure
scream,crier
screen,écran
screw,vis
sea,mer
seal,joint
seal off,obturer
search,chercher
season,saison
seat,siège
second 1,1 seconde
secondary,secondaire
secret,secret
secretary,secrétaire
secretly,secrètement
section,section
sector,secteur
secure,sécurise
security,Sécurité
see,voir
see about,voir au sujet
seed,la graine
seek,chercher
seem,sembler
see to,veiller à
select,sélectionner
selection,sélection
self,soi
self\\-,soi\\-
sell,vendre
sell off,liquider
sell out,vendu
senate,sénat
senator,sénateur
send,envoyer
send for,envoyer pour
send off,envoyer
senior,Sénior
sense,sens
sensible,sensible
sensitive,sensible
sentence,phrase
separate,séparé
separate,séparé
separated,séparé
separately,séparément
separation,séparation
September,septembre
series,séries
serious,sérieux
seriously,sérieusement
servant,serviteur
serve,servir
service,un service
session,session
set,ensemble
set off,déclencher
set out,partir planifier
settle,régler
settle down,s'installer
set up,installer
seven,Sept
seventeen,dix\\-sept
seventh,septième
seventieth,soixante\\-dixième
seventy,soixante\\-dix
several,nombreuses
severe,sévère
severely,gravement
sew,Coudre
sewing,couture
sex,sexe
sexual,sexuel
sexually,sexuellement
shade,ombre
shadow,ombre
shake,secouer
shall,doit
shallow,peu profond
shame,la honte
shape,forme
shaped,en forme de
share,partager
sharp,tranchant
sharply,nettement
shave,se raser
she,elle
sheep,mouton
sheet,feuille
shelf,étagère
shell,coquille
shelter,abri
shift,décalage
shine,éclat
shiny,brillant
ship,navire
shirt,chemise
shock,choc
shocked,choqué
shocking,choquant
shoe,chaussure
shoot,tirer
shoot down,abattre
shooting,tournage
shop,boutique
shopping,achats
short,court
shortly,prochainement
shot,coup
should,devrait
shoulder,épaule
shout,crier
show,spectacle
shower,douche
show off,frimer
show round,faire visiter les lieux
show up,arriver
shut,fermer
shut down,fermer
shut in,enfermé
shut out,exclure
shut up,tais\\-toi
shy,timide
sick,malade
side,côté
sideways,de côté
sight,vue
sign,signe
signal,signal
signature,Signature
significant,important
significantly,significativement
silence,silence
silent,silencieux
silk,soie
silly,idiot
silver,argent
similar,similaire
similarly,De même
simple,Facile
simply,simplement
since,puisque
sincere,sincère
sincerely,Cordialement
sing,chanter
singer,chanteur
singing,en chantant
single,Célibataire
sink,évier
sir,Monsieur
sister,sœur
sit,asseoir
sit down,asseyez\\-vous
site,site
situation,situation
six,six
sixteen,seize
sixth,sixième
sixtieth,soixantième
sixty,soixante
size,Taille
skilful,habile
skilfully,habilement
skill,compétence
skilled,qualifié
skin,peau
skirt,jupe
sky,ciel
sleep,dormir
sleeve,manche
slice,tranche
slide,faire glisser
slight,mince
slightly,légèrement
slip,caleçon
slope,pente
slow,lent
slowly,lentement
small,petit
smart,intelligent
smash,fracasser
smell,odeur
smile,sourire
smoke,fumée
smoking,fumeur
smooth,lisse
smoothly,doucement
snake,serpent
snow,neige
so,alors
soap,savon
social,social
socially,socialement
society,société
sock,chaussette
soft,doux
softly,doucement
software,Logiciel
soil,sol
soldier,soldat
solid,solide
solution,Solution
solve,résoudre
some,certains
some,certains
somebody,quelqu'un
somehow,en quelque sorte
someone,Quelqu'un
something,quelque chose
sometimes,quelquefois
somewhat,quelque peu
somewhere,quelque part
son,fils
song,chanson
soon,bientôt
sore,endolori
sorry,Désolé
sort,Trier
sort out,démêler
soul,âme
sound,du son
soup,soupe
sour,acide
source,la source
south,Sud
southern,du sud
space,espace
spare,de rechange
speak,parler
speaker,orateur
speak out,s'exprimer
speak up,parler plus fort
special,spécial
specialist,spécialiste
specially,spécialement
specific,spécifique
specifically,Plus précisément
speech,discours
speed,la vitesse
speed up,accélérer
spell,épeler
spelling,orthographe
spend,dépenser
spice,pimenter
spicy,épicé
spider,araignée
spin,tourner
spirit,esprit
spiritual,spirituel
spite,dépit
split,Divisé
split up,séparer
spoil,gâcher
spoken,parlé
spoon,cuillère
sport,sport
spot,place
spray,vaporisateur
spread,propagé
spread out,étaler
spring,printemps
square,carré
squeeze,écraser
stable,stable
staff,Personnel
stage,étape
stair,escalier
stamp,timbre
stand,supporter
standard,la norme
stand back,reculer
stand by,Etre prêt
stand for,représenter
stand out,ressortir
stand up,se lever
stand up for,Se lever pour
star,étoile
stare,regard
start,début
start off,commencer
start out,commencer
start up,Commencez
state,Etat
statement,déclaration
station,gare
statue,statue
status,statut
stay,rester
stay away,reste loin
stay out of,rester en dehors de
steadily,régulièrement
steady,stable
steal,voler
steam,vapeur
steel,acier
steep,raide
steeply,abruptement
steer,diriger
step,étape
stick,bâton
stick out,tenir le coup
stick to,s'en tenir à
stick up,coller des
sticky,gluant
stiff,rigide
stiffly,raidement
still,encore
sting,piquer
stir,remuer
stock,Stock
stomach,estomac
stone,calcul
stop,Arrêtez
store,boutique
storm,tempête
story,récit
stove,le fourneau
straight,tout droit
strain,souche
strange,étrange
strangely,étrangement
stranger,étranger
strategy,stratégie
stream,courant
street,rue
strength,force
stress,stress
stressed,a souligné
stretch,étendue
strict,strict
strictly,strictement
strike,la grève
striking,frappant
string,chaîne
strip,bande
stripe,Bande
striped,rayé
stroke,accident vasculaire cérébral
strong,fort
strongly,fortement
structure,structure
struggle,lutte
student,étudiant
studio,studio
study,étude
stuff,des trucs
stupid,stupide
style,style
subject,matière
substance,substance
substantial,substantiel
substantially,substantiellement
substitute,remplacer
succeed,réussir
success,Succès
successful,réussi
successfully,avec succès
such,tel
suck,sucer
sudden,soudain
suddenly,tout à coup
suffer,souffrir
suffering,Souffrance
sufficient,suffisant
sufficiently,suffisamment
sugar,sucre
suggest,suggérer
suggestion,suggestion
suit,costume
suitable,adapté
suitcase,valise
suited,adapté
sum,somme
summary,résumé
summer,été
sum up,résumer
sun,Soleil
Sunday,dimanche
superior,supérieur
supermarket,supermarché
supply,la fourniture
support,soutien
supporter,Supporter
suppose,supposer
sure,sûr
surely,sûrement
surface,surface
surname,nom de famille
surprise,surprise
surprised,surpris
surprising,surprenant
surprisingly,étonnamment
surround,entourer
surrounding,alentours
surroundings,alentours
survey,sondage
survey,sondage
survive,survivre
suspect,suspect
suspicion,soupçon
suspicious,méfiant
swallow,avaler
swear,jurer
swearing,prestation de serment
sweat,transpiration
sweater,chandail
sweep,balayage
sweet,doux
swell,se gonfler
swelling,gonflement
swim,nager
swimming,nager
swimming pool,piscine
swing,balançoire
switch,commutateur
switch off,éteindre
swollen,gonflé
symbol,symbole
sympathetic,sympathique
sympathy,la sympathie
system,système
table,table
tablet,tablette
tackle,tacle
tail,queue
take,prendre
take away,à emporter
take back,reprendre
take down,descendre
take in,prendre
take off,décollage
take on,prendre en charge
take over,prendre le contrôle
take up,prendre
talk,parler
tall,grand
tank,réservoir
tap,robinet
tape,ruban
target,cible
task,tâche
taste,goût
tax,impôt
taxi,Taxi
tea,thé
teach,enseigner
teacher,prof
teaching,enseignement
team,équipe
tear 1,déchirure 1
tear 2,2 déchirement
tear up,Déchirer
technical,technique
technique,technique
technology,La technologie
telephone,Téléphone
television,télévision
tell,dire
tell off,gronder
temperature,Température
temporarily,temporairement
temporary,temporaire
ten,Dix
tend,tendre
tendency,tendance
tension,tension
tent,tente
tenth,dixième
term,terme
terrible,terrible
terribly,terriblement
test,tester
text,texte
than,que
thank,remercier
thanks,Merci
thank you,Merci
that,cette
that,cette
the,les
theatre,théâtre
their,leur
theirs,les leurs
them,leur
theme,thème
themselves,se
then,puis
theory,théorie
there,Là
therefore,donc
they,ils
thick,épais
thickly,couche épaisse
thickness,épaisseur
thief,voleur
thin,mince
thing,chose
think,pense
think about,Penser à
thinking,en pensant
think of,penser à
think of as,penser que
think over,bien réfléchir
think up,inventer
third,troisième
thirsty,assoiffé
thirteen,treize
thirteenth,treizième
thirtieth,trentième
thirty,30
this,ce
thorough,approfondi
thoroughly,complètement
though,bien que
thought,pensée
thousand,mille
thousandth,millième
thread,fil
threat,menace
threaten,menacer
threatening,menaçant
three,Trois
throat,gorge
through,à travers
throughout,tout au long de
throw,jeter
throw away,désinvolte
throw out,jeter
thumb,pouce
Thursday,Jeudi
thus,Donc
ticket,billet
tidy,rangé
tie,attacher
tie up,ficeler
tight,serré
tightly,fermement
till,jusqu'à ce que
time,temps
timetable,calendrier
tin,étain
tiny,minuscule
tip,pointe
tip over,basculer
tire,pneu
tired,fatigué
tire out,sur pneus
tiring,fatigant
title,Titre
to,à
today,aujourd'hui
toe,doigt de pied
together,ensemble
toilet,toilette
tomato,tomate
tomorrow,demain
ton,tonne
tone,Ton
tongue,langue
tonight,ce soir
tonne,tonne
too,aussi
tool,outil
tooth,dent
top,Haut
topic,sujet
total,total
totally,totalement
touch,toucher
tough,dure
tour,tour
tourist,touristique
towards,vers
towel,serviette
tower,la tour
town,ville
toy,jouet
trace,trace
track,Piste
trade,Commerce
trading,commerce
tradition,tradition
traditional,traditionnel
traditionally,traditionnellement
traffic,circulation
train,train
training,formation
transfer,transfert
transfer,transfert
transform,transformer
translate,traduire
translation,Traduction
transparent,transparent
transport,transport
transport,transport
transportation,transport
trap,prendre au piège
travel,Voyage
traveller,voyageur
treat,traiter
treatment,traitement
tree,arbre
trend,tendance
trial,procès
triangle,Triangle
trick,tour
trip,voyage
tropical,tropical
trouble,difficulté
trousers,pantalon
truck,un camion
TRUE,VRAI
truly,vraiment
trust,confiance
truth,vérité
try,essayer
try on,essayer
try out,Essaie
tube,tube
Tuesday,Mardi
tune,régler
tunnel,tunnel
turn,tour
turn back,faire demi\\-tour
turn down,refuser
turn into,changer en
turn off,éteindre
turn on,allumer
turn out,s'avérer
turn over,tourner
turn round,se retourner
turn to,se tourner vers
turn up,Venez
TV,la télé
twelfth,douzième
twelve,Douze
twentieth,vingtième
twenty,vingt
twice,deux fois
twin,double
twist,torsion
twisted,tordu
two,deux
type,type
typical,typique
typically,typiquement
tyre,pneu
the unemployed,les chômeurs
the unexpected,L'innatendu
ugly,laid
ultimate,ultime
ultimately,en fin de compte
umbrella,parapluie
unable,incapable
unacceptable,inacceptable
uncertain,incertain
uncle,oncle
uncomfortable,inconfortable
unconscious,inconscient
uncontrolled,incontrôlé
under,sous
underground,souterrain
underneath,sous
understand,comprendre
understanding,compréhension
underwater,sous\\-marin
underwear,sous\\-vêtements
undo,annuler
unemployed,sans emploi
unemployment,chômage
unexpected,inattendu
unexpectedly,à l'improviste
unfair,injuste
unfairly,injustement
unfortunate,malheureux
unfortunately,malheureusement
unfriendly,hostile
unhappy,malheureux
uniform,uniforme
unimportant,sans importance
union,syndicat
unique,unique
unit,unité
unite,unir
united,uni
universe,univers
university,Université
unkind,méchant
unknown,inconnue
unless,sauf si
unlike,contrairement à
unlikely,improbable
unload,décharger
unlucky,malchanceux
unnecessary,inutile
unpleasant,désagréable
unreasonable,déraisonnable
unsteady,instable
unsuccessful,infructueux
untidy,désordonné
until,jusqu'à ce que
unusual,inhabituel
unusually,exceptionnellement
unwilling,peu disposé
unwillingly,contre son gré
up,en haut
upon,sur
upper,plus haut
upset,dérangé
upset,dérangé
upsetting,bouleversant
upside down,à l'envers
upstairs,en haut
upward,ascendant
upwards,vers le haut
urban,Urbain
urge,exhorter
urgent,urgent
us,nous
use,utilisation
use,utilisation
used 1,utilisé 1
used 2,utilisé 2
used to,habitué
useful,utile
useless,inutile
user,utilisateur
use up,épuiser
usual,habituel
usually,généralement
vacation,vacances
valid,valide
valley,vallée
valuable,de valeur
value,valeur
van,van
variation,variation
varied,varié
variety,variété
various,divers
vary,varier
vast,vaste
vegetable,légume
vehicle,véhicule
venture,entreprise
version,version
vertical,verticale
very,très
via,via
victim,victime
victory,la victoire
video,vidéo
view,vue
village,village
violence,la violence
violent,violent
violently,violemment
virtually,virtuellement
virus,virus
visible,visible
vision,vision
visit,visite
visitor,visiteur
vital,vital
vocabulary,vocabulaire
voice,voix
volume,le volume
vote,voter
wage,salaire
waist,taille
wait,attendre
waiter,serveur
wake,réveiller
walk,marche
walking,en marchant
walk out,Se promener
walk up,monter
wall,mur
wallet,portefeuille
wander,errer
want,vouloir
war,guerre
warm,chaud
warmth,chaleur
warm up,réchauffer
warn,prévenir
warning,avertissement
wash,lavage
wash away,laver
washing,la lessive
wash off,laver
wash out,laver
wash up,laver
waste,gaspillage
watch,regarder
watch out,Fais attention
watch out for,Attention à
water,l'eau
wave,vague
way,façon
we,nous
weak,faible
weakness,la faiblesse
wealth,richesse
weapon,arme
wear,porter
wear away,s'effacer
wear off,enlever
wear out,épuisé
weather,Météo
web,la toile
website,site Internet
wedding,mariage
Wednesday,Mercredi
week,la semaine
weekend,weekend
weekly,hebdomadaire
weigh,peser
weight,poids
welcome,Bienvenue
well,bien
well known,bien connu
west,Ouest
western,occidental
wet,humide
what,quelle
whatever,peu importe
wheel,roue
when,quand
whenever,n'importe quand
where,où
whereas,tandis que
wherever,partout où
whether,qu'il s'agisse
which,lequel
while,tandis que
whisper,chuchotement
whistle,sifflet
white,blanc
who,OMS
whoever,quiconque
whole,entier
whom,qui
whose,dont
why,Pourquoi
wide,large
widely,largement
width,largeur
wife,femme
wild,sauvage
wildly,d'une manière extravagante
will,volonté
willing,prêt
willingly,volontiers
willingness,volonté
win,gagner
wind 1,enrouler 1
wind 2,enrouler 2
window,la fenêtre
wine,du vin
wing,aile
winner,gagnant
winning,gagnant
winter,hiver
wire,câble
wise,sage
wish,souhait
with,avec
withdraw,se désister
within,dans
without,sans pour autant
witness,témoin
woman,femme
wonder,merveille
wonderful,formidable
wood,bois
wooden,en bois
wool,la laine
word,mot
work,travail
worker,ouvrier
working,travail
work out,faire des exercices
world,monde
worried,préoccupé
worry,inquiéter
worrying,inquiétant
worse,pire
worship,culte
worst,pire
worth,vaut
would,aurait
wound 1,1 blessure
wounded,blessés
wrap,emballage
wrapping,emballage
wrist,poignet
write,écrire
write back,répondre
write down,écrire
writer,écrivain
writing,l'écriture
written,écrit
wrong,faux
wrongly,à tort
yard,Cour
yawn,bâillement
yeah,Ouais
year,an
yellow,Jaune
yes,Oui
yesterday,hier
yet,encore
you,tu
young,Jeune
your,votre
yours,le tiens
yourself,toi même
youth,jeunesse
zero,zéro
zone,zone
